s,lane_x,lane_y,veh_x,veh_y,deviation
0.0,22.471557428835155,10.0,24.22,10.06,1.7494717558913409
0.25,22.471756510512837,10.249999920732959,24.22552157630374,10.229694186733683,1.7538826154625702
0.5,22.471955592190522,10.499999841465918,24.244931758329926,10.478908133278845,1.7731016174637677
0.75,22.472154673868204,10.749999762198875,24.259360560546963,10.728490089845293,1.7873353203537292
1.0,22.47235375554589,10.999999682931834,24.27244593358621,10.978128236241409,1.8002250441603889
1.25,22.47255283722357,11.249999603664794,24.293374720065586,11.227246080918198,1.8209640446295805
1.5,22.472751918901253,11.499999524397753,24.311072162990545,11.476618526353473,1.838468925736321
1.75,22.472951000578938,11.749999445130712,24.327167732490036,11.726099853595588,1.8543707502478082
2.0,22.47315008225662,11.999999365863669,24.347108081795433,11.9752969815452,1.8741208050247264
2.25,22.473349163934305,12.249999286596628,24.368984180500277,12.224333895252906,1.8958087531035137
2.5,22.473548245611987,12.499999207329587,24.392686453657273,12.473207763401394,1.9193252051299252
2.75,22.47374732728967,12.749999128062544,24.41497482021265,12.722210432445484,1.9414263804955718
3.0,22.473946408967354,12.999999048795505,24.436632224303864,12.971270579494405,1.9628960580406505
3.25,22.474145490645036,13.249998969528463,24.460207227317607,13.220155164103117,1.9862859498564491
3.5,22.47434457232272,13.499998890261422,24.48413532897867,13.469007421378187,2.010029690497937
3.75,22.474543654000403,13.74999881099438,24.509419756995865,13.717724317626681,2.0351320344056645
4.0,22.474742735678085,13.999998731727338,24.535144544767242,13.96639726608332,2.0606757807552594
4.25,22.47494181735577,14.249998652460299,24.562710713690013,14.21486338794259,2.0880645227850194
4.5,22.475140899033452,14.499998573193256,24.59279355556982,14.463046833451017,2.1179750245943683
4.75,22.475339980711137,14.749998493926215,24.62287639744963,14.711230278959444,2.1478863181532017
5.0,22.47553906238882,14.999998414659174,24.651664703187922,14.959566152894329,2.1765012226816527
5.25,22.4757381440665,15.249998335392132,24.680051350978108,15.20794932105843,2.2047142295026285
5.5,22.475937225744186,15.49999825612509,24.70843799876829,15.45633248922253,2.2329277643382035
5.75,22.476136307421868,15.74999817685805,24.736740847761318,15.704725219238224,2.2610578339562624
6.0,22.476335389099553,15.999998097591009,24.765038817143942,15.95311850604127,2.289183495844317
6.25,22.476534470777235,16.249998018323968,24.793336786526567,16.201511792844315,2.317309622023507
6.5,22.476733552454917,16.499997939056925,24.82313754236375,16.449727847382736,2.3469424291995367
6.75,22.476932634132602,16.749997859789886,24.853401136191508,16.697889316770365,2.3770397223297963
7.0,22.477131715810284,16.999997780522843,24.883664730019266,16.946050786157997,2.407137600279379
7.25,22.47733079748797,17.2499977012558,24.91504231421668,17.194070882809832,2.438352978510963
7.5,22.47752987916565,17.49999762198876,24.94772639685885,17.441925176179627,2.4708790429694987
7.75,22.477728960843333,17.74999754272172,24.98041047950102,17.689779469549418,2.503405880029712
8.0,22.477928042521018,17.999997463454676,25.01309456214319,17.937633762919212,2.5359334599625596
8.25,22.4781271241987,18.249997384187637,25.04471064324091,18.18562592565722,2.567390629587254
8.5,22.478326205876385,18.499997304920598,25.07604063411327,18.433655020063377,2.5985614384559312
8.75,22.478525287554067,18.74999722565355,25.107370624985627,18.681684114469533,2.6297327790662104
9.0,22.47872436923175,18.999997146386512,25.13870061585798,18.92971320887569,2.6609046327307198
9.25,22.478923450909434,19.249997067119473,25.17000669124774,19.177745322962856,2.6920529937137907
9.5,22.479122532587116,19.49999698785243,25.201311731846587,19.425777567707573,2.7232007929808555
9.75,22.4793216142648,19.749996908585388,25.232616772445436,19.673809812452294,2.754349052258649
10.0,22.479520695942483,19.999996829318345,25.263921813044284,19.921842057197015,2.7854977561152503
10.25,22.51151951064157,20.24794052425301,25.297714523777028,20.169544571194606,2.787297719418726
10.5,22.543518325340656,20.495884219187673,25.332106616595702,20.417167639489044,2.7896990801956014
10.75,22.575517140039743,20.74382791412234,25.366498709414373,20.664790707783485,2.7921004639114835
11.0,22.60751595473883,20.991771609057,25.400890802233047,20.912413776077923,2.794501870507242
11.25,22.63951476943792,21.239715303991666,25.435990721816548,21.159936212488763,2.7976137073715135
11.5,22.671513584137006,21.487658998926328,25.471975683245077,21.40733282230989,2.801613867611059
11.75,22.703512398836093,21.73560269386099,25.507960644673602,21.65472943213102,2.8056140946402315
12.0,22.73551121353518,21.983546388795656,25.54394560610213,21.902126041952148,2.8096143881737614
12.25,22.767510028234266,22.231490083730318,25.579930567530656,22.149522651773275,2.81361474792798
12.5,22.799508842933353,22.479433778664983,25.616488683823412,22.396835214099564,2.8181905448087172
12.75,22.83150765763244,22.727377473599645,25.653047908148228,22.644147613943908,2.8227675417609244
13.0,22.863506472331526,22.975321168534308,25.689607132473046,22.89146001378825,2.8273446260630624
13.25,22.895505287030613,23.223264863468973,25.72616635679786,23.13877241363259,2.831921797291588
13.5,22.9275041017297,23.471208558403635,25.762701561428074,23.38608836079028,2.8364749396957225
13.75,22.95950291642879,23.7191522533383,25.79919177975664,23.6334109516839,2.8409830008850125
14.0,22.991501731127876,23.967095948272963,25.835681998085207,23.88073354257752,2.8454911449637263
14.25,23.023500545826963,24.215039643207625,25.872172216413777,24.12805613347114,2.849999371538518
14.5,23.05549936052605,24.46298333814229,25.908662434742343,24.37537872436476,2.8545076802185143
14.75,23.087498175225136,24.710927033076953,25.947066771137244,24.622400626823463,2.8609385661581244
15.0,23.119496989924222,24.958870728011618,25.988166517963585,24.868999107781498,2.8700769622475915
15.25,23.15149580462331,25.20681442294628,26.02926626478992,25.115597588739536,2.8792157495141377
15.5,23.183494619322396,25.454758117880942,26.07036601161626,25.36219606969757,2.8883549242447035
15.75,23.215493434021482,25.702701812815608,26.111465758442602,25.608794550655606,2.8974944827729097
16.0,23.24749224872057,25.950645507750274,26.152565505268942,25.855393031613644,2.906634421478341
16.25,23.27949106341966,26.198589202684936,26.19366525209528,26.10199151257168,2.915774736785821
16.5,23.311489878118746,26.446532897619598,26.23476499892162,26.348589993529714,2.9249154251647376
16.75,23.343488692817832,26.694476592554263,26.27586474574796,26.59518847448775,2.93405648312831
17.0,23.37548750751692,26.942420287488925,26.3169644925743,26.841786955445787,2.9431979072329413
17.25,23.407486322216005,27.19036398242359,26.35882049626315,27.08825330308664,2.9531000656485027
17.5,23.439485136915092,27.438307677358253,26.403774539079567,27.334178360847044,2.9661177613745737
17.75,23.47148395161418,27.686251372292915,26.448728581895985,27.580103418607454,2.979136280302306
18.0,23.503482766313265,27.93419506722758,26.493682624712406,27.82602847636786,2.992155611686741
18.25,23.535481581012352,28.182138762162243,26.539018170976096,28.07188305880051,3.0055595764141536
18.5,23.567480395711442,28.43008245709691,26.584892449251818,28.317638120991873,3.019506454633414
18.75,23.59947921041053,28.67802615203157,26.630766727527536,28.563393183183237,3.033454256944775
19.0,23.631478025109615,28.925969846966233,26.67664100580326,28.8091482453746,3.0474029706596775
19.25,23.663476839808702,29.173913541900898,26.72251528407898,29.054903307565965,3.0613525833199904
19.5,23.69547565450779,29.42185723683556,26.768389562354702,29.300658369757333,3.0753030826928325
19.75,23.727474469206875,29.669800931770226,26.815069088297157,29.546258719564392,3.0900652436529517
20.0,23.75947328390596,29.917744626704888,26.863533142812088,29.791516207564197,3.10662537514118
20.25,23.820280738660063,30.160236798632823,26.91199719732702,30.036773695564,3.0941806344509883
20.5,23.88108819341416,30.402728970560762,26.96046125184195,30.282031183563802,3.081737560006833
20.75,23.941895648168263,30.645221142488698,27.00892530635688,30.527288671563607,3.069296172073832
21.0,24.00270310292236,30.887713314416636,27.05738936087181,30.77254615956341,3.0568564912442637
21.25,24.063510557676462,31.130205486344572,27.105853415386743,31.017803647563213,3.044418538444113
21.5,24.12431801243056,31.372697658272507,27.155551259715676,31.26281089347212,3.033224373587447
21.75,24.185125467184662,31.615189830200446,27.20647422369148,31.50756965580744,3.0232648594494127
22.0,24.24593292193876,31.85768200212838,27.257397187667287,31.752328418142763,3.01330655616359
22.25,24.30674037669286,32.10017417405632,27.30832015164309,31.997087180478086,3.003349475774551
22.5,24.36754783144696,32.342666345984256,27.3592431156189,32.24184594281341,2.993393630485665
22.75,24.42835528620106,32.58515851791219,27.410166079594703,32.48660470514873,2.983439032661642
23.0,24.48916274095516,32.82765068984013,27.46136383096969,32.7313059081466,2.973762202403405
23.25,24.54997019570926,33.07014286176807,27.512950314311983,32.97592568399553,2.9644777043894974
23.5,24.61077765046336,33.312635033696004,27.56453679765427,33.220545459844445,2.9551943403482186
23.75,24.67158510521746,33.55512720562394,27.61612328099656,33.46516523569336,2.9459121209999304
24.0,24.732392559971558,33.797619377551875,27.66770976433885,33.70978501154228,2.936631057199204
24.25,24.79320001472566,34.04011154947982,27.719296247681136,33.954404787391205,2.9273511599369053
24.5,24.854007469479757,34.28260372140775,27.771818000274784,34.19882270712697,2.9190131126756302
24.75,24.91481492423386,34.52509589333569,27.825714873556095,34.44294383904819,2.9120589751905523
25.0,24.975622378987957,34.767588065263624,27.8796117468374,34.687064970969416,2.9051055432285637
25.25,25.03642983374206,35.01008023719156,27.93350862011871,34.931186102890635,2.898152821867873
25.5,25.097237288496157,35.2525724091195,27.987405493400022,35.17530723481186,2.891200816235016
25.75,25.158044743250258,35.49506458104744,28.04130236668133,35.41942836673308,2.8842495315054126
26.0,25.218852198004356,35.73755675297537,28.095357614230025,35.6635139735651,2.877458208690164
26.25,25.279659652758458,35.98004892490331,28.150896242437362,35.90726684180843,2.8721589067338487
26.5,25.340467107512556,36.22254109683125,28.206434870644703,36.15101971005175,2.8668600468246694
26.75,25.401274562266657,36.465033268759186,28.26197349885204,36.394772578295076,2.8615616314182777
27.0,25.462082017020755,36.70752544068712,28.31751212705938,36.638525446538395,2.856263662988366
27.25,25.522889471774857,36.950017612615056,28.37305075526672,36.88227831478172,2.8509661440267835
27.5,25.583696926528955,37.19250978454299,28.42858938347406,37.12603118302504,2.8456690770437327
27.75,25.644504381283056,37.43500195647093,28.48487864726147,37.369611039568944,2.8411268790474145
28.0,25.705311836037154,37.67749412839887,28.541638831262624,37.61308235515284,2.8370582828657995
28.25,25.766119290791256,37.919986300326805,28.59839901526378,37.856553670736744,2.832989964005321
28.5,25.826926745545354,38.16247847225474,28.655159199264933,38.10002498632065,2.8289219236624383
28.75,25.887734200299455,38.404970644182676,28.71191938326609,38.343496301904544,2.8248541630404227
29.0,25.948541655053553,38.64746281611062,28.76867956726724,38.58696761748845,2.8207866833494015
29.25,26.009349109807655,38.88995498803855,28.825439751268398,38.830438933072344,2.816719485806409
29.5,26.070156564561753,39.13244715996649,28.88159926349852,39.074049433612,2.812049136101327
29.75,26.130964019315854,39.374939331894424,28.937706300324834,39.31767209351573,2.8073264449641426
30.0,26.191771474069952,39.61743150382236,28.99381333715115,39.56129475341947,2.802604134944024
30.25,26.24886033610381,39.86082596109631,29.049920373977464,39.8049174133232,2.8016179435260002
30.5,26.30594919813767,40.104220418370254,29.10602741080378,40.04854007322693,2.8006317676343504
30.75,26.36303806017153,40.347614875644204,29.162134447630095,40.29216273313067,2.7996456072854885
31.0,26.420126922205387,40.59100933291815,29.218433198691585,40.535740699216724,2.7988520216140884
31.25,26.477215784239245,40.8344037901921,29.275845403016568,40.77905908897497,2.799176803821173
31.5,26.534304646273103,41.07779824746604,29.333257607341547,41.02237747873322,2.799501587761784
31.75,26.591393508306965,41.32119270473999,29.390669811666527,41.26569586849146,2.7998263734353195
32.0,26.648482370340822,41.564587162013936,29.447734613823368,41.509095694653276,2.799802211869957
32.25,26.70557123237468,41.80798161928788,29.5044365726921,41.7525805768543,2.799413593725099
32.5,26.762660094408538,42.05137607656183,29.561138531560832,41.99606545905533,2.79902497802633
32.75,26.819748956442396,42.294770533835774,29.617840490429565,42.239550341256354,2.798636364774669
33.0,26.876837818476258,42.538164991109724,29.674542449298297,42.483035223457385,2.798247753971132
33.25,26.933926680510115,42.78155944838367,29.73124440816703,42.726520105658416,2.797859145616746
33.5,26.991015542543973,43.02495390565762,29.787125321280286,42.97019323394885,2.796645960058374
33.75,27.04810440457783,43.26834836293156,29.84216141414945,43.21406005924843,2.794584368497952
34.0,27.10519326661169,43.51174282020551,29.897197507018618,43.457926884548016,2.792522843842278
34.25,27.16228212864555,43.755137277479456,29.952233599887784,43.70179370984759,2.7904613862396297
34.5,27.21937099067941,43.9985317347534,30.00726969275695,43.94566053514718,2.788399995838732
34.75,27.276459852713266,44.24192619202735,30.062305785626116,44.18952736044675,2.7863386727887325
35.0,27.333548714747124,44.48532064930129,30.11734187849528,44.43339418574634,2.7842774172392195
35.25,27.390637576780982,44.728715106575244,30.172377971364448,44.67726101104592,2.7822162293402206
35.5,27.44772643881484,44.97210956384919,30.227414064233614,44.9211278363455,2.780155109242202
35.75,27.5048153008487,45.21550402112314,30.28245015710278,45.16499466164508,2.778094057096069
36.0,27.56190416288256,45.45889847839708,30.337486249971946,45.40886148694466,2.7760330730531804
36.25,27.618993024916417,45.702292935671025,30.39214066260402,45.652814121394705,2.7735890058684847
36.5,27.676081886950275,45.945687392944976,30.446776807796855,45.896770862720835,2.7711266970916735
36.75,27.733170748984133,46.18908185021892,30.501412952989686,46.14072760404697,2.7686644854803872
37.0,27.790259611017994,46.43247630749287,30.55604909818252,46.38468434537311,2.766202371294093
37.25,27.847348473051852,46.67587076476681,30.61068524337535,46.62864108669925,2.763740354793168
37.5,27.90443733508571,46.919265222040764,30.665321388568184,46.872597828025384,2.7612784362389107
37.75,27.961526197119568,47.16265967931471,30.71995753376102,47.11655456935152,2.758816615893535
38.0,28.018615059153426,47.40605413658865,30.77442743434385,47.36054783631377,2.7561880688039757
38.25,28.075703921187287,47.6494485938626,30.82708630495116,47.60493900502975,2.751742379872112
38.5,28.132792783221145,47.892843051136545,30.879745175558472,47.84933017374573,2.747297001830453
38.75,28.189881645255003,48.136237508410495,30.932404046165782,48.093721342461706,2.7428519361905797
39.0,28.24697050728886,48.37963196568444,30.985062916773092,48.338112511177684,2.738407184473796
39.25,28.30405936932272,48.62302642295839,31.037721787380402,48.58250367989367,2.7339627482111877
39.5,28.36114823135658,48.86642088023233,31.090380657987716,48.82689484860965,2.729518628943703
39.75,28.418237093390438,49.10981533750628,31.143039528595025,49.071286017325626,2.7250748282222332
40.0,28.475325955424296,49.35320979478023,31.19592970519692,49.31562717761508,2.7208633218869798
40.25,28.521182293210547,49.59896820518531,31.248929776326154,49.55994457867423,2.728026608204107
40.5,28.567038630996795,49.844726615590396,31.301929847455387,49.80426197973337,2.735190551427341
40.75,28.612894968783046,50.09048502599548,31.35492991858462,50.04857938079252,2.7423551464085025
41.0,28.658751306569297,50.33624343640056,31.407929989713853,50.29289678185167,2.749520388052618
41.25,28.704607644355548,50.582001846805646,31.460930060843086,50.53721418291081,2.7566862713172244
41.5,28.750463982141795,50.82776025721073,31.51393013197232,50.78153158396996,2.763852791211707
41.75,28.796320319928046,51.07351866761581,31.566930203101553,51.02584898502911,2.7710199427966278
42.0,28.842176657714298,51.319277078020896,31.61714316251229,51.270753374402254,2.7753907207028794
42.25,28.888032995500545,51.56503548842598,31.66718476562585,51.515693852800226,2.7795897464188575
42.5,28.933889333286796,51.81079389883106,31.717226368739414,51.76063433119819,2.783788971015455
42.75,28.979745671073047,52.056552309236146,31.767267971852977,52.005574809596155,2.7879883935940226
43.0,29.025602008859295,52.30231071964123,31.81730957496654,52.25051528799412,2.7921880132612755
43.25,29.071458346645546,52.54806913004631,31.867351178080103,52.49545576639209,2.7963878291292423
43.5,29.117314684431797,52.793827540451396,31.917392781193666,52.740396244790055,2.800587840315247
43.75,29.163171022218044,53.03958595085648,31.96742516060804,52.985338607080415,2.8047787875310557
44.0,29.209027360004296,53.28534436126156,32.01744028910192,53.230284492781195,2.8089526107500946
44.25,29.254883697790547,53.53110277166664,32.067455417595795,53.47523037848198,2.8131266241263355
44.5,29.300740035576798,53.77686118207173,32.11747054608968,53.72017626418276,2.8173008268146
44.75,29.346596373363045,54.02261959247681,32.16748567458355,53.96512214988354,2.821475217974648
45.0,29.392452711149296,54.26837800288189,32.21750080307743,54.21006803558433,2.8256497967711813
45.25,29.438309048935547,54.51413641328698,32.26751593157131,54.45501392128511,2.829824562373802
45.5,29.484165386721795,54.75989482369206,32.317531060065185,54.699959806985895,2.833999513956947
45.75,29.530021724508046,55.00565323409714,32.3666093457331,54.9450936014142,2.8372340055057
46.0,29.575878062294297,55.25141164450223,32.41492346523917,55.19038066967577,2.839701318778206
46.25,29.62173440008055,55.49717005490731,32.46323758474524,55.43566773793733,2.842168693700682
46.5,29.667590737866796,55.74292846531239,32.511551704251296,55.6809548061989,2.844636130112703
46.75,29.713447075653047,55.98868687571748,32.55986582375736,55.92624187446046,2.8471036278544077
47.0,29.759303413439298,56.23444528612256,32.60817994326343,56.17152894272203,2.8495711867664726
47.25,29.805159751225546,56.48020369652764,32.6564940627695,56.416816010983595,2.852038806690128
47.5,29.851016089011797,56.72596210693273,32.704808182275556,56.662103079245156,2.8545064874671335
47.75,29.896872426798048,56.97172051733781,32.75150801075596,56.90769661441457,2.8553534592663428
48.0,29.942728764584295,57.21747892774289,32.79644906428148,57.15362404620699,2.8544346191145746
48.25,29.988585102370546,57.46323733814798,32.841390117807,57.39955147799942,2.85351578668881
48.5,30.034441440156797,57.70899574855306,32.88633117133252,57.645478909791834,2.852596961996518
48.75,30.080297777943045,57.95475415895814,32.93127222485804,57.89140634158426,2.8516781450451774
49.0,30.126154115729296,58.20051256936323,32.97621327838356,58.13733377337668,2.850759335842266
49.25,30.172010453515547,58.44627097976831,33.021154331909074,58.383261205169106,2.8498405343952755
49.5,30.217866791301798,58.69202939017339,33.06609538543459,58.62918863696152,2.848921740711723
49.75,30.263723129088046,58.93778780057848,33.10951757275632,58.87538329776527,2.8464785854779535
50.0,30.309579466874297,59.18354621098356,33.151213806781136,59.121881622441414,2.8423033341319943
50.25,30.356689071823766,59.429067462857006,33.192910040805955,59.36837994711756,2.836870169651917
50.5,30.40379867677324,59.674588714730454,33.23460627483078,59.61487827179371,2.8314372665160743
50.75,30.450908281722707,59.9201099666039,33.2763025088556,59.86137659646986,2.8260046262317373
51.0,30.498017886672177,60.165631218477344,33.31799874288042,60.107874921146006,2.820572250317726
51.25,30.54512749162165,60.41115247035079,33.35969497690524,60.35437324582215,2.815140140304504
51.5,30.592237096571118,60.65667372222424,33.40139121093006,60.6008715704983,2.8097082977343044
51.75,30.639346701520587,60.90219497409769,33.441765968200265,60.847581852820504,2.802951362273898
52.0,30.686456306470056,61.14771622597114,33.4792520142007,61.094755468635896,2.7932978192337905
52.25,30.73356591141953,61.393237477844586,33.51673806020114,61.34192908445128,2.783645049388708
52.5,30.780675516368998,61.638758729718035,33.55422410620158,61.58910270026667,2.7739930608102075
52.75,30.827785121318467,61.88427998159148,33.59171015220202,61.836276316082056,2.7643418616819058
53.0,30.87489472626794,62.12980123346493,33.62919619820246,62.08344993189745,2.754691460301435
53.25,30.92200433121741,62.37532248533837,33.666682244202896,62.33062354771283,2.7450418650824293
53.5,30.969113936166877,62.62084373721182,33.704168290203334,62.577797163528224,2.735393084556528
53.75,31.016223541116346,62.86636498908527,33.74165433620377,62.82497077934361,2.725745127375452
54.0,31.06333314606582,63.11188624095872,33.7741051001517,63.072840801213594,2.7110531410179846
54.25,31.110442751015288,63.357407492832166,33.805113783799,63.32091027039201,2.6949181846893775
54.5,31.157552355964757,63.602928744705615,33.8361224674463,63.56897973957043,2.678785242805388
54.75,31.20466196091423,63.84844999657906,33.8671311510936,63.81704920874884,2.66265435198239
55.0,31.2517715658637,64.0939712484525,33.89813983474091,64.06511867792726,2.646525549724786
55.25,31.298881170813168,64.33949250032596,33.92914851838821,64.31318814710568,2.630398874451893
55.5,31.34599077576264,64.5850137521994,33.96015720203551,64.5612576162841,2.6142743655259095
55.75,31.39310038071211,64.83053500407286,33.99116588568281,64.80932708546251,2.5981520632808333
56.0,31.44020998566158,65.0760562559463,34.01949801734086,65.05769389264887,2.5793533931491126
56.25,31.48731959061105,65.32157750781974,34.04368951085603,65.30652068309055,2.556414261637622
56.5,31.53442919556052,65.5670987596932,34.06788100437119,65.55534747353222,2.53347906253288
56.75,31.58153880050999,65.81262001156664,34.09207249788635,65.8041742639739,2.510547903608815
57.0,31.628648405459458,66.05814126344009,34.11626399140151,66.05300105441557,2.4876208965938993
57.25,31.67575801040893,66.30366251531353,34.14045548491668,66.30182784485726,2.4646981573532596
57.5,31.7228676153584,66.54918376718699,34.16464697843184,66.55065463529893,2.4417798060808713
57.75,31.76997722030787,66.79470501906043,34.188838471947,66.79948142574061,2.418865967502541
58.0,31.81708682525734,67.04022627093389,34.21302996546216,67.04830821618228,2.395956771090317
58.25,31.86419643020681,67.28574752280733,34.231048563658376,67.29762690804623,2.366881944968503
58.5,31.91130603515628,67.53126877468077,34.2465688082814,67.54714468698562,2.33531673743318
58.75,31.95841564010575,67.77679002655422,34.26208905290442,67.796662465925,2.303759125143519
59.0,32.00552524505522,68.02231127842767,34.27760929752745,68.04618024486437,2.2722094245595827
59.25,32.052634850004694,68.26783253030112,34.293129542150474,68.29569802380375,2.240667969883437
59.5,32.09974445495416,68.51335378217456,34.3086497867735,68.54521580274313,2.2091351143138827
59.75,32.14685405990363,68.758875034048,34.32417003139652,68.79473358168251,2.177611231408507
60.0,32.1939636648531,69.00439628592146,34.339690276019546,69.0442513606219,2.146096716564101
60.25,32.186510789695845,69.25428517053199,34.35197895517257,69.29390769931673,2.1658306306081343
60.5,32.17905791453859,69.5041740551425,34.35787354239007,69.54383819733876,2.1791766299100206
60.75,32.17160503938133,69.75406293975303,34.363768129607564,69.79376869536078,2.1925226478142936
61.0,32.16415216422408,70.00395182436354,34.36966271682507,70.04369919338279,2.2058686839833146
61.25,32.15669928906682,70.25384070897407,34.375557304042566,70.29362969140482,2.2192147380875458
61.5,32.149246413909566,70.50372959358458,34.38145189126006,70.54356018942684,2.232560809805348
61.75,32.14179353875231,70.75361847819511,34.38734647847757,70.79349068744887,2.2459068988227275
62.0,32.134340663595054,71.00350736280564,34.393241065695065,71.04342118547088,2.259253004833089
62.25,32.1268877884378,71.25339624741615,34.39913565291257,71.2933516834929,2.2725991275370676
62.5,32.11943491328054,71.50328513202668,34.396995488244315,71.5433203346534,2.2779124193170097
62.75,32.11198203812329,71.75317401663719,34.393474710680636,71.79329554167472,2.2818454267772412
63.0,32.10452916296603,72.00306290124772,34.389953933116956,72.04327074869603,2.28577843436669
63.25,32.097076287808775,72.25295178585823,34.38643315555328,72.29324595571734,2.2897114420846902
63.5,32.08962341265152,72.50284067046876,34.38291237798959,72.54322116273865,2.293644449930573
63.75,32.082170537494264,72.75272955507928,34.37939160042591,72.79319636975997,2.2975774579036963
64.0,32.07471766233701,73.0026184396898,34.37587082286223,73.04317157678128,2.3015104660034007
64.25,32.06726478717975,73.25250732430032,34.37235004529855,73.29314678380258,2.3054434742290377
64.5,32.0598119120225,73.50239620891084,34.364887925395124,73.54297290320218,2.3054331253683022
64.75,32.05235903686524,73.75228509352137,34.34951423312674,73.79249975463513,2.297507174021379
65.0,32.044906161707985,74.00217397813188,34.334140540858364,74.04202660606806,2.2895812443845363
65.25,32.03745328655073,74.2520628627424,34.31876684858998,74.29155345750101,2.281655336684006
65.5,32.03000041139347,74.50195174735293,34.303393156321604,74.54108030893396,2.2737294511492046
65.75,32.02254753623622,74.75184063196345,34.28801946405322,74.79060716036689,2.2658035880127265
66.0,32.01509466107896,75.00172951657397,34.272645771784845,75.04013401179984,2.257877747510462
66.25,32.007641785921706,75.25161840118449,34.25727207951647,75.28966086323278,2.249951929881604
66.5,32.00018891076445,75.50150728579501,34.241898387248085,75.53918771466572,2.2420261353687234
66.75,31.992736035607194,75.75139617040554,34.21788301459778,75.78801028467903,2.2254481956394687
67.0,31.98528316044994,76.00128505501606,34.19265021081591,76.03673363624318,2.2076516702035214
67.25,31.977830285292683,76.25117393962658,34.16741740703404,76.28545698780735,2.189855495480958
67.5,31.970377410135427,76.5010628242371,34.14218460325217,76.5341803393715,2.1720596800922154
67.75,31.96292453497817,76.75095170884762,34.1169517994703,76.78290369093565,2.1542642329423742
68.0,31.955471659820915,77.00084059345814,34.091718995688424,77.0316270424998,2.1364691632330257
68.25,31.94801878466366,77.25072947806866,34.066486191906556,77.28035039406396,2.1186744804747235
68.5,31.940565909506404,77.50061836267918,34.04125338812469,77.52907374562811,2.1008801945000126
68.75,31.933113034349148,77.7505072472897,34.00863848940458,77.77684717725191,2.0756925847758576
69.0,31.925660159191892,78.00039613190023,33.97008102616316,78.02385592614228,2.0445554634818346
69.25,31.918207284034636,78.25028501651074,33.93152356292173,78.27086467503264,2.01342145642105
69.5,31.91075440887738,78.50017390112127,33.89296609968031,78.51787342392302,1.9822907103306542
69.75,31.903301533720125,78.75006278573179,33.85440863643888,78.76488217281339,1.9511633812966718
70.0,31.89584865856287,78.99995167034231,33.815851173197466,79.01189092170377,1.9200396355091855
70.25,31.800257888201646,79.23095471062912,33.77729370995604,79.25889967059413,1.9772333097759411
70.5,31.704667117840426,79.46195775091593,33.738736246714616,79.5059084194845,2.0345439003144246
70.75,31.609076347479203,79.69296079120274,33.697572787367015,79.75245470964269,2.089343654298021
71.0,31.51348557711798,79.92396383148954,33.64878435133349,79.99764787534966,2.1365697258657015
71.25,31.417894806756756,80.15496687177635,33.59999591529996,80.24284104105662,2.183869757456282
71.5,31.322304036395536,80.38596991206316,33.55120747926643,80.48803420676359,2.231239045439646
71.75,31.226713266034313,80.61697295234995,33.502419043232905,80.73322737247055,2.2786732706934147
72.0,31.13112249567309,80.84797599263676,33.45363060719937,80.97842053817752,2.32616846070243
72.25,31.035531725311866,81.07897903292357,33.404842171165846,81.22361370388448,2.3737209559838233
72.5,30.939940954950647,81.30998207321038,33.35605373513231,81.46880686959145,2.4213273802818716
72.75,30.844350184589423,81.54098511349719,33.30432711061718,81.71334459458892,2.4660077589722182
73.0,30.7487594142282,81.771988153784,33.244282059928814,81.95602667445439,2.502299632796828
73.25,30.653168643866977,82.0029911940708,33.18423700924045,82.19870875431987,2.5386241221543973
73.5,30.557577873505757,82.23399423435761,33.12419195855208,82.44139083418534,2.574979846751871
73.75,30.461987103144534,82.46499727464442,33.06414690786372,82.6840729140508,2.611365502008006
74.0,30.36639633278331,82.69600031493123,33.00410185717536,82.92675499391628,2.647779854006336
74.25,30.270805562422087,82.92700335521803,32.94405680648699,83.16943707378175,2.6842217348406945
74.5,30.175214792060867,83.15800639550484,32.884011755798625,83.41211915364723,2.720690038318519
74.75,30.079624021699644,83.38900943579165,32.82097673209282,83.65398735568782,2.75412926000442
75.0,29.98403325133842,83.62001247607844,32.74973416507207,83.89362144475758,2.779201937961473
75.25,29.888442480977197,83.85101551636525,32.67849159805133,84.13325553382735,2.804288412974521
75.5,29.792851710615977,84.08201855665206,32.60724903103059,84.3728896228971,2.829388318053124
75.75,29.697260940254754,84.31302159693887,32.53600646400985,84.61252371196687,2.8545012989217313
76.0,29.60167016989353,84.54402463722568,32.46476389698911,84.85215780103664,2.879627013481819
76.25,29.50607939953231,84.77502767751248,32.393521329968365,85.09179189010639,2.9047651313007266
76.5,29.410488629171088,85.00603071779929,32.322278762947626,85.33142597917616,2.929915333125671
76.75,29.314897858809864,85.2370337580861,32.24575818124274,85.56937380333562,2.949642713158292
77.0,29.21930708844864,85.4680367983729,32.164865136713026,85.80592467597555,2.964874438070845
77.25,29.12371631808742,85.69903983865971,32.0839720921833,86.04247554861549,2.980111127951578
77.5,29.028125547726198,85.93004287894652,32.003079047653586,86.27902642125542,2.9953527070334607
77.75,28.932534777364975,86.16104591923333,31.92218600312387,86.51557729389535,3.0105991010596878
78.0,28.83694400700375,86.39204895952014,31.841292958594153,86.75212816653529,3.02585023724688
78.25,28.74135323664253,86.62305199980693,31.760399914064436,86.98867903917521,3.041106044249272
78.5,28.645762466281308,86.85405504009374,31.67950686953472,87.22522991181515,3.0563664521239597
78.75,28.550171695920085,87.08505808038055,31.59463561227047,87.46032255784975,3.0675045176836746
79.0,28.45458092555886,87.31606112066736,31.503489335547457,87.69311507542609,3.0721347915250052
79.25,28.35899015519764,87.54706416095416,31.412343058824444,87.92590759300244,3.0767655581945688
79.5,28.26339938483642,87.77806720124097,31.321196782101435,88.15870011057878,3.0813968154704887
79.75,28.167808614475195,88.00907024152778,31.230050505378422,88.39149262815512,3.0860285611439697
80.0,28.072217844113972,88.24007328181459,31.13890422865541,88.62428514573146,3.0906607930192393
80.25,27.952674662567485,88.45963973586835,31.047757951932397,88.8570776633078,3.1204963506264973
80.5,27.833131481021,88.67920618992211,30.956611675209384,89.08987018088415,3.1503608423417115
80.75,27.71358829947451,88.89877264397587,30.863215677341774,89.3217345973464,3.177900161019858
81.0,27.594045117928022,89.11833909802964,30.763711665283985,89.55107921050399,3.1990701815327185
81.25,27.474501936381536,89.3379055520834,30.664207653226196,89.78042382366158,3.2202554216633263
81.5,27.354958754835046,89.55747200613717,30.564703641168407,90.00976843681916,3.241455582998296
81.75,27.23541557328856,89.77703846019094,30.465199629110618,90.23911304997675,3.2626703746728865
82.0,27.115872391742073,89.9966049142447,30.36569561705283,90.46845766313433,3.283899513140423
82.25,26.996329210195587,90.21617136829846,30.26619160499504,90.69780227629192,3.305142721949874
82.5,26.876786028649096,90.43573782235222,30.16668759293725,90.92714688944952,3.326399731531236
82.75,26.75724284710261,90.65530427640599,30.066927309779402,91.15637419779806,3.3473993350970277
83.0,26.637699665556124,90.87487073045975,29.958369246623693,91.38157443519553,3.3591062964753644
83.25,26.518156484009637,91.09443718451351,29.849811183467985,91.60677467259302,3.370817814435321
83.5,26.398613302463147,91.31400363856729,29.741253120312276,91.83197490999049,3.3825338416474464
83.75,26.27907012091666,91.53357009262105,29.632695057156567,92.05717514738797,3.394254331417666
84.0,26.159526939370174,91.75313654667481,29.52413699400086,92.28237538478545,3.4059792376769717
84.25,26.039983757823684,91.97270300072857,29.41557893084515,92.50757562218293,3.417708514971292
84.5,25.920440576277198,92.19226945478233,29.30702086768944,92.73277585958041,3.4294421184515693
84.75,25.80089739473071,92.4118359088361,29.198462804533733,92.95797609697789,3.441180003864013
85.0,25.681354213184225,92.63140236288986,29.08679713092951,93.18160541935536,3.4496035814808512
85.25,25.561811031637735,92.85096881694362,28.969825200824754,93.40255239844213,3.4523622383461166
85.5,25.44226785009125,93.0705352709974,28.852853270719997,93.62349937752889,3.4551211577190095
85.75,25.322724668544762,93.29010172505116,28.735881340615236,93.84444635661566,3.4578803389712003
86.0,25.203181486998275,93.50966817910492,28.61890941051048,94.06539333570242,3.460639781476297
86.25,25.083638305451785,93.72923463315868,28.501937480405722,94.28634031478919,3.463399484609847
86.5,24.9640951239053,93.94880108721244,28.384965550300965,94.50728729387595,3.466159447749318
86.75,24.844551942358812,94.1683675412662,28.267993620196208,94.72823427296272,3.4689196702741127
87.0,24.725008760812322,94.38793399531997,28.15102169009145,94.94918125204948,3.471680151565544
87.25,24.605465579265836,94.60750044937373,28.029231572261473,95.16750219662812,3.4692615254145043
87.5,24.48592239771935,94.8270669034275,27.906940232613564,95.38554996260412,3.46630442316476
87.75,24.366379216172863,95.04663335748127,27.784648892965656,95.6035977285801,3.463347642665203
88.0,24.246836034626373,95.26619981153503,27.662357553317747,95.8216454945561,3.4603911847406166
88.25,24.127292853079886,95.4857662655888,27.540066213669835,96.03969326053208,3.457435050218486
88.5,24.0077496715334,95.70533271964256,27.417774874021926,96.25774102650807,3.4544792399290722
88.75,23.888206489986914,95.92489917369632,27.295483534374018,96.47578879248405,3.4515237547053643
89.0,23.768663308440424,96.14446562775008,27.17319219472611,96.69383655846005,3.448568595383132
89.25,23.649120126893937,96.36403208180384,27.109099144921796,96.80811567556397,3.4883613693882025
89.5,23.52957694534745,96.58359853585762,27.231390484569708,96.59006790958797,3.701819192230447
89.75,23.41003376380096,96.80316498991138,27.353681824217617,96.37202014361199,3.9671458131657547
90.0,23.290490582254474,97.02273144396514,27.475973163865525,96.153972377636,4.27469376169786
90.25,23.161514325516258,97.2368928905371,27.598264503513434,95.93592461166001,4.623556056176068
90.5,23.03253806877804,97.45105433710907,27.720555843161343,95.71787684568402,4.998141141436104
90.75,22.903561812039825,97.66521578368105,27.84284718280925,95.49982907970804,5.39309183601021
91.0,22.77458555530161,97.87937723025301,27.965138522457163,95.28178131373204,5.804252290379336
91.25,22.645609298563393,98.09353867682498,28.087429862105072,95.06373354775606,6.228413133850179
91.5,22.51663304182518,98.30770012339694,28.068792937810922,95.09346912618106,6.415431428521061
91.75,22.387656785086964,98.52186156996892,27.9438953914613,95.31003459645702,6.4177581723482895
92.0,22.258680528348748,98.73602301654088,27.818997845111678,95.52660006673297,6.4200875643442314
92.25,22.12970427161053,98.95018446311285,27.694100298762056,95.74316553700892,6.422419601627446
92.5,22.000728014872315,99.16434590968481,27.569202752412433,95.95973100728486,6.424754281317407
92.75,21.8717517581341,99.37850735625679,27.444305206062808,96.17629647756081,6.427091600534491
93.0,21.742775501395883,99.59266880282875,27.319407659713185,96.39286194783676,6.429431556400024
93.25,21.61379924465767,99.80683024940072,27.194510113363563,96.60942741811272,6.431774146036272
93.5,21.484822987919454,100.0209916959727,27.06961256701394,96.82599288838867,6.434119366566472
93.75,21.355846731181238,100.23515314254466,26.94471502066432,97.04255835866462,6.436467215114792
94.0,21.22687047444302,100.44931458911663,26.819817474314696,97.25912382894057,6.438817688806402
94.25,21.097894217704805,100.66347603568859,26.694919927965074,97.47568929921653,6.441170784767446
94.5,20.96891796096659,100.87763748226057,26.57002238161545,97.69225476949248,6.443526500125066
94.75,20.839941704228373,101.09179892883253,26.445124835265826,97.90882023976843,6.4458848320073985
95.0,20.710965447490157,101.3059603754045,26.320227288916204,98.12538571004438,6.448245777543604
95.25,20.58198919075194,101.52012182197646,26.19532974256658,98.34195118032034,6.450609333863863
95.5,20.453012934013728,101.73428326854844,26.07043219621696,98.55851665059629,6.452975498099395
95.75,20.32403667727551,101.9484447151204,25.944665864307602,98.77456060716833,6.454844133581211
96.0,20.195060420537295,102.16260616169237,25.81226700041506,98.98662319425046,6.452896835569523
96.25,20.06608416379908,102.37676760826434,25.679868136522515,99.19868578133259,6.450951448513655
96.5,19.937107907060863,102.59092905483631,25.54746927262997,99.4107483684147,6.449007974142959
96.75,19.808131650322647,102.80509050140827,25.415070408737428,99.62281095549683,6.447066414187171
97.0,19.67915539358443,103.01925194798024,25.282671544844884,99.83487354257896,6.445126770376417
97.25,19.550179136846218,103.23341339455222,25.15027268095234,100.04693612966108,6.4431890444412065
97.5,19.421202880108,103.44757484112418,25.017873817059797,100.2589987167432,6.441253238112385
97.75,19.292226623369785,103.66173628769614,24.885474953167254,100.47106130382534,6.439319353121193
98.0,19.16325036663157,103.87589773426811,24.752793332790947,100.68294606146223,6.437230068547777
98.25,19.034274109893353,104.09005918084009,24.619004008292933,100.89413416872769,6.434527544515122
98.5,18.905297853155137,104.30422062741205,24.485214683794922,101.10532227599315,6.431828861184642
98.75,18.77632159641692,104.51838207398401,24.35142535929691,101.3165103832586,6.429134023392843
99.0,18.647345339678704,104.73254352055599,24.2176360347989,101.52769849052405,6.426443035977454
99.25,18.518369082940488,104.94670496712796,24.083846710300886,101.7388865977895,6.423755903777349
99.5,18.389392826202275,105.16086641369992,23.950057385802875,101.95007470505496,6.4210726316326125
99.75,18.26041656946406,105.3750278602719,23.816268061304864,102.16126281232042,6.418393224384457
100.0,18.131440312725843,105.58918930684386,23.682478736806853,102.37245091958587,6.4157176868751735
100.25,17.991528998870084,105.79637237626595,23.548564177177365,102.58355936196003,6.418941301946774
100.5,17.85161768501433,106.00355544568802,23.41398861797357,102.79424732759875,6.4218088567523965
100.75,17.711706371158574,106.21073851511011,23.279413058769777,103.00493529323748,6.424681475111388
101.0,17.57179505730282,106.4179215845322,23.14483749956598,103.2156232588762,6.427559150234691
101.25,17.431883743447063,106.62510465395428,23.010261940362184,103.42631122451493,6.430441875333479
101.5,17.291972429591308,106.83228772337637,22.875686381158392,103.63699919015366,6.4333296436191905
101.75,17.152061115735552,107.03947079279845,22.741110821954596,103.84768715579239,6.436222448303575
102.0,17.012149801879797,107.24665386222053,22.6065352627508,104.05837512143113,6.439120282598742
102.25,16.872238488024042,107.45383693164261,22.471959703547004,104.26906308706985,6.442023139717267
102.5,16.732327174168287,107.6610200010647,22.337477414688703,104.4798103193859,6.444982874889038
102.75,16.59241586031253,107.86820307048679,22.2038967867241,104.69113049313319,6.448450073409353
103.0,16.452504546456776,108.07538613990887,22.070316158759496,104.90245066688047,6.451924273216887
103.25,16.31259323260102,108.28256920933096,21.93673553079489,105.11377084062775,6.455405463007691
103.5,16.172681918745266,108.48975227875304,21.803154902830286,105.32509101437503,6.45889363147946
103.75,16.03277060488951,108.69693534817512,21.669574274865685,105.53641118812232,6.462388767331654
104.0,15.892859291033755,108.9041184175972,21.53599364690108,105.7477313618696,6.465890859265636
104.25,15.752947977178,109.11130148701929,21.402413018936475,105.95905153561688,6.469399895984757
104.5,15.613036663322243,109.31848455644138,21.26883239097187,106.17037170936418,6.472915866194485
104.75,15.473125349466487,109.52566762586346,21.13525176300727,106.38169188311146,6.47643875860254
105.0,15.333214035610732,109.73285069528555,21.005803729675307,106.59556624053742,6.482347382485135
105.25,15.193302721754977,109.94003376470764,20.87652481969391,106.80954512602388,6.488372101800997
105.5,15.053391407899221,110.14721683412971,20.747245909712515,107.02352401151032,6.494415750312217
105.75,14.913480094043466,110.3543999035518,20.61796699973112,107.23750289699677,6.5004782752220285
106.0,14.773568780187711,110.56158297297388,20.488688089749722,107.45148178248321,6.506559623765852
106.25,14.633657466331956,110.76876604239597,20.359409179768328,107.66546066796967,6.5126597432126525
106.5,14.493746152476199,110.97594911181805,20.230130269786933,107.87943955345611,6.518778580866337
106.75,14.353834838620443,111.18313218124014,20.100851359805535,108.09341843894256,6.52491608406705
107.0,14.213923524764688,111.39031525066223,19.97157244982414,108.307397324429,6.531072200192585
107.25,14.074012210908933,111.5974983200843,19.84599301878804,108.52356757875393,6.539481068786776
107.5,13.934100897053177,111.80468138950638,19.720459139441413,108.73976481540646,6.547950466783228
107.75,13.794189583197422,112.01186445892847,19.59492526009479,108.95596205205898,6.556452845368502
108.0,13.654278269341667,112.21904752835056,19.469391380748164,109.1721592887115,6.5649880764021615
108.25,13.514366955485912,112.42623059777264,19.343857501401537,109.38835652536402,6.573556031915468
108.5,13.374455641630156,112.63341366719473,19.21832362205491,109.60455376201655,6.582156584116612
108.75,13.234544327774401,112.84059673661682,19.092789742708284,109.82075099866907,6.59078960539593
109.0,13.094633013918646,113.04777980603889,18.96725586336166,110.03694823532159,6.599454968330961
109.25,12.95472170006289,113.25496287546098,18.844026324751056,110.2544414443348,6.609617070679728
109.5,12.814810386207135,113.46214594488306,18.724484258158693,110.47400850542282,6.62217567193222
109.75,12.67489907235138,113.66932901430515,18.60494219156633,110.69357556651083,6.634796151940793
110.0,12.534987758495628,113.87651208372723,18.485400124973967,110.91314262759884,6.6474781582682185
110.25,12.471613064533237,114.11834601055548,18.365858058381605,111.13270968868684,6.607279946692727
110.5,12.408238370570846,114.36017993738375,18.246315991789242,111.35227674977486,6.56739155962234
110.75,12.344863676608457,114.602013864212,18.12677392519688,111.57184381086287,6.527818676628945
111.0,12.281488982646065,114.84384779104025,18.007231858604516,111.79141087195089,6.48856707036374
111.25,12.218114288683674,115.08568171786851,17.889037741682063,112.01168357113797,6.450491253840284
111.5,12.154739594721283,115.32751564469676,17.776718229415117,112.23503156679523,6.416393187845367
111.75,12.091364900758892,115.56934957152501,17.66439871714817,112.45837956245249,6.3825418381681684
112.0,12.027990206796503,115.81118349835327,17.552079204881224,112.68172755810976,6.348941151143716
112.25,11.964615512834111,116.05301742518152,17.439759692614277,112.905075553767,6.315595127554121
112.5,11.90124081887172,116.29485135200977,17.32744018034733,113.12842354942427,6.282507822475415
112.75,11.837866124909329,116.53668527883804,17.215120668080385,113.35177154508153,6.249683345060335
113.0,11.774491430946938,116.77851920566629,17.10280115581344,113.5751195407388,6.217125858253515
113.25,11.711116736984549,117.02035313249453,16.994349166880976,113.80031911475538,6.187177384212179
113.5,11.647742043022157,117.2621870593228,16.89080212538491,114.02786693433934,6.160398176915084
113.75,11.584367349059766,117.50402098615105,16.78725508388884,114.25541475392329,6.1337984343556515
114.0,11.520992655097375,117.7458549129793,16.683708042392773,114.48296257350725,6.107380501426289
114.25,11.457617961134984,117.98768883980756,16.5801610008967,114.7105103930912,6.081146747598967
114.5,11.394243267172595,118.22952276663581,16.476613959400634,114.93805821267514,6.055099566745208
114.75,11.330868573210203,118.47135669346406,16.373066917904566,115.1656060322591,6.029241376930895
115.0,11.267493879247812,118.71319062029231,16.2695198764085,115.39315385184305,6.0035746201847395
115.25,11.204119185285421,118.95502454712057,16.171402042331273,115.62304795548543,5.981301446099011
115.5,11.14074449132303,119.19685847394882,16.076635310960146,115.85439027030317,5.961133438848702
115.75,11.07736979736064,119.43869240077707,15.981868579589023,116.08573258512092,5.941081368764831
116.0,11.01399510339825,119.68052632760534,15.887101848217897,116.31707489993866,5.92114641371751
116.25,10.950620409435858,119.92236025443358,15.792335116846772,116.54841721475641,5.901329760566274
116.5,10.887245715473467,120.16419418126183,15.697568385475646,116.77975952957416,5.881632605074983
116.75,10.823871021511078,120.4060281080901,15.602801654104521,117.0111018443919,5.862056151819749
117.0,10.760496327548687,120.64786203491835,15.51256792087747,117.24418595355772,5.845271190881464
117.25,10.697121633586296,120.8896959617466,15.428037734877062,117.47946163792551,5.831917806418373
117.5,10.633746939623904,121.13152988857486,15.343507548876655,117.71473732229332,5.81861808657912
117.75,10.570372245661513,121.37336381540311,15.258977362876248,117.95001300666111,5.805372400189905
118.0,10.506997551699122,121.61519774223136,15.17444717687584,118.18528869102892,5.792181117945358
118.25,10.443622857736733,121.85703166905962,15.089916990875434,118.42056437539671,5.779044612395204
118.5,10.380248163774342,122.09886559588787,15.005386804875025,118.65584005976451,5.765963257930128
118.75,10.31687346981195,122.34069952271612,14.92500361572058,118.89248806812209,5.755434447305031
119.0,10.25349877584956,122.58253344954439,14.852501766899863,119.13174416923046,5.749676092513313
119.25,10.19012408188717,122.82436737637263,14.779999918079145,119.37100027033883,5.743927624952748
119.5,10.126749387924779,123.06620130320088,14.707498069258428,119.61025637144719,5.738189074338174
119.75,10.063374693962388,123.30803523002915,14.63499622043771,119.84951247255556,5.732460470452044
120.0,10.000000000000004,123.5498691568574,14.562494371616992,120.08876857366393,5.7267418431442225
120.25,10.054882593525017,123.79377057326978,14.489992522796275,120.3280246747723,5.628640574567954
120.5,10.109765187050032,124.03767198968217,14.422655277284004,120.56871194640749,5.534862664265
120.75,10.164647780575047,124.28157340609455,14.36167145525986,120.81115982421079,5.44598734438376
121.0,10.219530374100062,124.52547482250694,14.300687633235716,121.0536077020141,5.35814388348753
121.25,10.274412967625075,124.76937623891932,14.239703811211571,121.2960555798174,5.271383867180901
121.5,10.32929556115009,125.01327765533172,14.178719989187426,121.53850345762072,5.185761675226571
121.75,10.384178154675105,125.2571790717441,14.117736167163283,121.78095133542402,5.101334600609504
122.0,10.43906074820012,125.50108048815649,14.056752345139138,122.02339921322734,5.018162964726837
122.25,10.493943341725133,125.74498190456887,14.00508925463738,122.26793218604173,4.9414593357499195
122.5,10.548825935250148,125.98888332098126,13.956956322348928,122.51325487318934,4.867786544474454
122.75,10.603708528775163,126.23278473739364,13.908823390060476,122.75857756033693,4.795195486672196
123.0,10.658591122300177,126.47668615380603,13.860690457772025,123.00390024748452,4.723736032567286
123.25,10.713473715825192,126.72058757021841,13.812557525483573,123.24922293463212,4.653460313840218
123.5,10.768356309350207,126.9644889866308,13.764424593195121,123.49454562177971,4.584422768106746
123.75,10.823238902875222,127.20839040304318,13.719614769702908,123.74043895331941,4.518371434442175
124.0,10.878121496400235,127.45229181945558,13.683149988427315,123.9877652958843,4.457704439912163
124.25,10.93300408992525,127.69619323586797,13.646685207151723,124.23509163844918,4.398100666611261
124.5,10.987886683450265,127.94009465228035,13.61022042587613,124.48241798101407,4.339603924286679
124.75,11.04276927697528,128.18399606869272,13.573755644600539,124.72974432357896,4.282259580142988
125.0,11.097651870500293,128.42789748510512,13.537290863324946,124.97707066614385,4.2261145452735756
125.25,11.152534464025308,128.6717989015175,13.500826082049356,125.22439700870872,4.171217248456797
125.5,11.207417057550323,128.9157003179299,13.477443034089418,125.47329298946413,4.123491984863929
125.75,11.262299651075338,129.1596017343423,13.454363212265708,125.72222535341986,4.0768491559563484
126.0,11.317182244600351,129.40350315075466,13.431283390442,125.97115771737558,4.031180823144407
126.25,11.372064838125366,129.64740456716706,13.408203568618289,126.2200900813313,3.986520477137037
126.5,11.426947431650381,129.89130598357943,13.38512374679458,126.46902244528702,3.942902369785345
126.75,11.481830025175395,130.13520739999183,13.36204392497087,126.71795480924276,3.900361467603401
127.0,11.53671261870041,130.3791088164042,13.35245909121762,126.96773544522787,3.8645055996892554
127.25,11.591595212225425,130.6230102328166,13.34418548005173,127.21759850243777,3.82993494726493
127.5,11.64647780575044,130.86691164922897,13.33591186888584,127.46746155964766,3.7961096355659363
127.75,11.701360399275453,131.11081306564137,13.327638257719949,127.71732461685755,3.763049763808072
128.0,11.756242992800468,131.35471448205377,13.319364646554058,127.96718767406745,3.730775680640601
128.25,11.811125586325483,131.59861589846614,13.311091035388168,128.21705073127734,3.6993079526211945
128.5,11.866008179850498,131.84251731487853,13.314520533103085,128.4669855889481,3.6732005758314243
128.75,11.920890773375511,132.0864187312909,13.319727736523545,128.71693135313012,3.648313314540576
129.0,11.975773366900526,132.3303201477033,13.324934939944002,128.96687711731215,3.623946187357639
129.25,12.030655960425541,132.57422156411567,13.330142143364462,129.21682288149418,3.600109755787691
129.5,12.085538553950556,132.81812298052807,13.335349346784922,129.4667686456762,3.576814629753076
129.75,12.14042114747557,133.06202439694044,13.342092994228823,129.71663810836682,3.5546623815850307
130.0,12.19530374100061,133.30592581335284,13.36167549838024,129.96586997938488,3.5378518977532534
130.25,12.358861556476013,133.494999452438,13.38125800253166,130.21510185040293,3.435552760873084
130.5,12.522419371951417,133.6840730915232,13.400840506683076,130.46433372142099,3.337415961687947
130.75,12.68597718742682,133.87314673060837,13.420423010834496,130.71356559243904,3.243819297710089
131.0,12.849535002902224,134.06222036969356,13.440005514985913,130.9627974634571,3.15516683827396
131.25,13.013092818377627,134.25129400877873,13.465719805278237,131.21139182964862,3.0734144608156435
131.5,13.176650633853031,134.44036764786392,13.49782582714901,131.45932166520623,2.99829762623864
131.75,13.340208449328433,134.62944128694912,13.529931849019782,131.70725150076387,2.9283422127333067
132.0,13.503766264803836,134.81851492603428,13.562037870890556,131.95518133632152,2.863926470084964
132.25,13.66732408027924,135.00758856511948,13.594143892761329,132.20311117187913,2.805432014688884
132.5,13.830881895754644,135.19666220420464,13.626249914632101,132.45104100743677,2.7532362782440547
132.75,13.994439711230047,135.38573584328984,13.67362490820566,132.69644665994346,2.708357149547192
133.0,14.15799752670545,135.574809482375,13.723019230160762,132.94151848810532,2.668975005309482
133.25,14.321555342180854,135.7638831214602,13.772413552115866,133.18659031626717,2.6351460887957447
133.5,14.485113157656258,135.9529567605454,13.821807874070968,133.43166214442903,2.6070865809346504
133.75,14.648670973131662,136.14203039963056,13.87120219602607,133.67673397259088,2.5849843660162923
134.0,14.812228788607065,136.33110403871575,13.927836845330654,133.92016497990605,2.5680296444212716
134.25,14.975786604082469,136.52017767780092,13.988919786898638,134.16258790425397,2.55580430690452
134.5,15.139344419557872,136.7092513168861,14.050002728466621,134.40501082860192,2.5487623560853465
134.75,15.302902235033276,136.8983249559713,14.111085670034607,134.64743375294984,2.5469467863394115
135.0,15.46646005050868,137.08739859505647,14.17216861160259,134.88985667729776,2.5503687594409237
135.25,15.630017865984083,137.27647223414166,14.239193696566943,135.13057531498973,2.5571987521232398
135.5,15.793575681459487,137.46554587322683,14.315886932862613,135.36852099683014,2.5653610603492716
135.75,15.95713349693489,137.65461951231202,14.39258016915828,135.60646667867056,2.577354679785154
136.0,16.120691312410294,137.8436931513972,14.469273405453949,135.84441236051097,2.593126449717155
136.25,16.284249127885698,138.03276679048238,14.545966641749617,136.0823580423514,2.6126079473188004
136.5,16.4478069433611,138.22184042956758,14.627009025066211,136.31875024562308,2.6338293998459568
136.75,16.6113647588365,138.41091406865274,14.71842211817196,136.55143811898316,2.6534661573582694
137.0,16.77492257431191,138.59998770773794,14.809835211277708,136.78412599234326,2.6756162119767475
137.25,16.93848038978731,138.7890613468231,14.901248304383454,137.01681386570334,2.7002177142101487
137.5,17.102038205262716,138.9781349859083,14.992661397489202,137.24950173906342,2.7272043229780647
137.75,17.265596020738116,139.1672086249935,15.09064026285055,137.4793829677572,2.753032509432713
138.0,17.429153836213523,139.35628226407866,15.195671154878312,137.70624969453715,2.7768781695227602
138.25,17.592711651688923,139.54535590316385,15.300702046906073,137.93311642131712,2.802253410247232
138.5,17.75626946716433,139.73442954224902,15.405732938933834,138.15998314809707,2.8291170740363403
138.75,17.91982728263973,139.9235031813342,15.510763830961595,138.38684987487704,2.857427181654349
139.0,18.083385098115134,140.11257682041938,15.625822155232338,138.60869002288243,2.881196126270596
139.25,18.246942913590537,140.30165045950457,15.744748343814928,138.8285912772427,2.9035979438380473
139.5,18.41050072906594,140.49072409858977,15.86367453239752,139.04849253160296,2.9268337104881366
139.75,18.574058544541344,140.67979773767493,15.982600720980109,139.2683937859632,2.9508837263105083
140.0,18.737616360016755,140.8688713767601,16.105870596625856,139.48572753404375,2.973074612714942
140.25,18.95735995975856,140.9880886170088,16.241182093948883,139.695943610242,3.007866505885318
140.5,19.17710355950036,141.1073058572575,16.37649359127191,139.9061596864403,3.0473214989248136
140.75,19.396847159242164,141.22652309750617,16.51180508859494,140.11637576263857,3.09126104600017
141.0,19.616590758983968,141.34574033775488,16.64871551413642,140.32549182097893,3.138341999362469
141.25,19.83633435872577,141.46495757800358,16.796666995413485,140.5270119420287,3.1810878163971164
141.5,20.056077958467572,141.58417481825225,16.944618476690547,140.72853206307852,3.2269652355148564
141.75,20.275821558209376,141.70339205850095,17.092569957967612,140.9300521841283,3.275842687269409
142.0,20.49556515795118,141.82260929874965,17.243237610284655,141.1294344528801,3.3253760455408385
142.25,20.71530875769298,141.94182653899833,17.404355624291217,141.3205914186506,3.3687302839996587
142.5,20.935052357434785,142.06104377924703,17.565473638297778,141.51174838442108,3.4140571429368287
142.75,21.15479595717659,142.18026101949573,17.726591652304343,141.70290535019157,3.4612791264157563
143.0,21.374539556918393,142.2994782597444,17.89456070272508,141.88787862211893,3.504235592440385
143.25,21.594283156660193,142.4186954999931,18.068263707957417,142.06767646964013,3.5434485338861874
143.5,21.814026756401997,142.5379127402418,18.241966713189754,142.2474743171613,3.5838481315361204
143.75,22.0337703561438,142.65712998049048,18.420494879864258,142.42207906655355,3.6209126749516822
144.0,22.2535139558856,142.77634722073918,18.6125501997636,142.58212516646967,3.6461403263942964
144.25,22.473257555627406,142.89556446098788,18.804605519662946,142.74217126638578,3.671857463619253
144.5,22.69300115536921,143.01478170123656,18.99887600225904,142.8992506681727,3.695931285405892
144.75,22.912744755111014,143.13399894148526,19.206888575843497,143.037925717229,3.7071013050406694
145.0,23.132488354852814,143.25321618173393,19.414901149427955,143.1766007662853,3.7183766016667787
145.25,23.352231954594618,143.37243342198263,19.62688054311309,143.30844027155655,3.7259010000708392
145.5,23.57197555433642,143.49165066223134,19.850487340863072,143.42024367043155,3.7221732202436435
145.75,23.791719154078223,143.61086790248,20.074094138613056,143.53204706930651,3.7184604985604657
146.0,24.011462753820027,143.7300851427287,20.305821068853422,143.62467405924681,3.7071406493256984
146.25,24.23120635356183,143.8493023829774,20.541721064386643,143.7074459875041,3.692211388311456
146.5,24.45094995330363,143.9685196232261,20.77936896726677,143.78429252915683,3.6762000162146533
146.75,24.670693553045435,144.0877368634748,21.02242487655621,143.84280598880056,3.6564812961672746
147.0,24.89043715278724,144.2069541037235,21.265569269404622,143.900873610887,3.6377675076994405
147.25,25.11018075252904,144.32617134397216,21.512549151001675,143.9396155530983,3.618339193575759
147.5,25.329924352270844,144.44538858422086,21.759529032598728,143.97835749530958,3.6008111276136394
147.75,25.549667952012648,144.56460582446957,22.00779877176492,144.00765101997266,3.585392020998665
148.0,25.76941155175445,144.68382306471824,22.25650377511864,144.03,3.573234619655684
148.25,25.989155151496252,144.80304030496694,22.506503775118645,144.03,3.5674152999739492
148.5,26.208898751238056,144.92225754521564,22.756276893160155,144.02273269417748,3.567876490647137
148.75,26.42864235097986,145.04147478546432,23.005790037780883,144.0071381226387,3.5757195485715605
149.0,26.64838595072166,145.16069202571302,23.255333250484522,143.99203922055975,3.588670506688953
149.25,26.868129550463465,145.27990926596172,23.50490184377827,143.97735871507186,3.6066519855176535
149.5,27.08787315020527,145.3991265062104,23.754539889806217,143.9639738762997,3.629156058372549
149.75,27.307616749947073,145.5183437464591,24.00424773882672,143.95189123844386,3.655956821886367
150.0,27.527360349688873,145.63756098670777,24.253958088909418,143.93987022659314,3.6874539017938415
150.25,27.75887412395143,145.731908071065,24.503823824667723,143.93167790738795,3.719701747866301
150.5,27.99038789821398,145.82625515542222,24.75368956042603,143.92348558818273,3.7545636438675594
150.75,28.221901672476537,145.9206022397794,25.00361858355112,143.9219947025493,3.7883740744990186
151.0,28.45341544673909,146.01494932413664,25.253594474384762,143.925466589922,3.82162169133729
151.25,28.684929221001642,146.10929640849386,25.50357036521841,143.9289384772947,3.85681278744684
151.5,28.916442995264198,146.20364349285106,25.753505966453375,143.93444887093472,3.8927387377470746
151.75,29.14795676952675,146.29799057720828,26.00342382418075,143.94085702113284,3.929906620461005
152.0,29.379470543789306,146.3923376615655,26.253341681908122,143.94726517133097,3.9687606558708315
152.25,29.61098431805186,146.4866847459227,26.50303437614278,143.95882928247795,4.006171000529076
152.5,29.84249809231441,146.58103183027993,26.752559433656767,143.97423206380597,4.0426632232670165
152.75,30.074011866576967,146.67537891463715,27.002084491170756,143.989634845134,4.0804361294647755
153.0,30.30552564083952,146.76972599899435,27.251367904421166,144.00804737516253,4.117614394313005
153.25,30.537039415102075,146.86407308335157,27.50015412316274,144.03265260558751,4.15206143961034
153.5,30.768553189364628,146.95842016770877,27.74894034190432,144.05725783601252,4.1874580145239095
153.75,31.00006696362718,147.052767252066,27.997726560645898,144.0818630664375,4.223780247072361
154.0,31.231580737889736,147.14711433642321,28.246115941884835,144.11007994901905,4.258706131967779
154.25,31.46309451215229,147.2414614207804,28.494309246964768,144.14008133754518,4.293278976666049
154.5,31.69460828641484,147.33580850513763,28.742502552044705,144.17008272607134,4.32859653642447
154.75,31.926122060677397,147.43015558949486,28.990690608780323,144.20011979948228,4.36461785423979
155.0,32.15763583493995,147.52450267385206,29.2370119722281,144.2428490155906,4.393096229337885
155.25,32.389149609202505,147.61884975820928,29.483333335675876,144.28557823169888,4.422043338202054
155.5,32.62066338346506,147.7131968425665,29.729654699123657,144.32830744780716,4.451450036526486
155.75,32.85217715772761,147.8075439269237,29.975951766920133,144.37116810378808,4.4812220762373105
156.0,33.08369093199016,147.90189101128092,30.22127171214606,144.41931500892588,4.507968434041234
156.25,33.31520470625272,147.99623809563815,30.466591657371985,144.46746191406368,4.535069750500086
156.5,33.546718480515274,148.09058517999534,30.711911602597915,144.51560881920147,4.562519700266788
156.75,33.778232254777826,148.18493226435257,30.95723154782384,144.56375572433927,4.590312028890579
157.0,34.00974602904038,148.2792793487098,31.201249031267288,144.6179409485335,4.614439756579996
157.25,34.24125980330294,148.373626433067,31.44460332335068,144.67520078196486,4.636770402293944
157.5,34.47277357756549,148.4679735174242,31.687957615434073,144.73246061539626,4.659319326270652
157.75,34.70428735182804,148.56232060178144,31.93131190751746,144.78972044882764,4.68208337482541
158.0,34.935801126090595,148.65666768613863,32.17366983491009,144.85091021826503,4.702463096505296
158.25,35.16731490035315,148.75101477049586,32.41490955770611,144.9165104937622,4.720080319075168
158.5,35.3988286746157,148.84536185485305,32.65614928050212,144.98211076925935,4.7378264224469175
158.75,35.63034244887826,148.93970893921028,32.89738900329813,145.0477110447565,4.7556999638476825
159.0,35.86185622314081,149.0340560235675,33.13862872609414,145.11331132025367,4.7736995118288
159.25,36.093369997403364,149.1284031079247,33.379037524494855,145.18187068466673,4.789855837215979
159.5,36.32488377166592,149.22275019228192,33.61916281075671,145.25143969283604,4.805437857397855
159.75,36.556397545928476,149.31709727663915,33.85928809701856,145.32100870100538,4.821112245499975
160.0,36.78791132019103,149.41144436099634,34.099413383280414,145.3905777091747,4.836878103539934
160.25,37.02017928192138,149.5039191897533,34.33885326911886,145.46237731246362,4.850110301098082
160.5,37.25244724365174,149.59639401851024,34.57661178630159,145.53964883054803,4.85976099359493
160.75,37.48471520538209,149.6888688472672,34.814370303484324,145.61692034863242,4.869446218064785
161.0,37.716983167112446,149.78134367602414,35.05212882066706,145.6941918667168,4.879165768867979
161.25,37.949251128842796,149.87381850478107,35.28988733784979,145.7714633848012,4.888919441274298
161.5,38.181519090573154,149.96629333353803,35.52750336572503,145.84916778857502,4.898420380156048
161.75,38.41378705230351,150.05876816229497,35.76467419023766,145.92822473007922,4.907054921374259
162.0,38.64605501403386,150.15124299105193,36.001845014750295,146.00728167158343,4.915715811309919
162.25,38.87832297576422,150.24371781980886,36.23901583926292,146.08633861308763,4.924402910939026
162.5,39.11059093749457,150.33619264856583,36.47618666377555,146.16539555459184,4.933116081797681
162.75,39.34285889922493,150.42866747732276,36.712982745875806,146.2455315804425,4.941141013341209
163.0,39.57512686095528,150.5211423060797,36.948103683034894,146.3304912468109,4.94598898885567
163.25,39.80739482268564,150.61361713483666,37.18322462019398,146.41545091317934,4.950845268871728
163.5,40.03966278441599,150.7060919635936,37.418345557353064,146.50041057954775,4.955709828975729
163.75,40.271930746146346,150.79856679235056,37.65346649451215,146.58537024591615,4.9605826448082695
164.0,40.5041987078767,150.8910416211075,37.888526258225326,146.6704976630269,4.96535332740337
164.25,40.736466669607054,150.98351644986445,38.123144066663436,146.75683701653213,4.9693333616502775
164.5,40.96873463133741,151.0759912786214,38.357761875101545,146.84317637003736,4.973318890251979
164.75,41.20100259306776,151.16846610737832,38.59237968353965,146.92951572354258,4.977309900009856
165.0,41.43327055479812,151.26094093613528,38.82699749197776,147.01585507704783,4.981306377749446
165.25,41.66553851652847,151.35341576489222,39.061615300415866,147.10219443055306,4.985308310320503
165.5,41.89780647825883,151.44589059364918,39.295627210122255,147.19015831563675,4.988245599971664
165.75,42.13007443998918,151.53836542240612,39.52948170298536,147.27854426569525,4.990907619954367
166.0,42.36234240171954,151.63084025116308,39.76333619584845,147.36693021575374,4.993572072997533
166.25,42.59461036344989,151.72331507992,39.99719068871155,147.45531616581223,4.996238955208508
166.5,42.826878325180246,151.81578990867695,40.23104518157465,147.54370211587073,4.998908262699488
166.75,43.059146286910604,151.9082647374339,40.464744385116724,147.6324959672252,5.0013118083482695
167.0,43.291414248640955,152.00073956619084,40.69817113658205,147.7220054734262,5.0032464735237046
167.25,43.52368221037131,152.0932143949478,40.93159788804737,147.8115149796272,5.005182415975913
167.5,43.75595017210166,152.18568922370474,41.165024639512694,147.90102448582817,5.007119634223284
167.75,43.98821813383202,152.2781640524617,41.39845139097802,147.99053399202919,5.009058126785634
168.0,44.22048609556237,152.37063888121864,41.63187814244334,148.08004349823017,5.010997892184059
168.25,44.45275405729273,152.46311370997557,41.86504266544842,148.17023240240442,5.012492410804689
168.5,44.68502201902308,152.55558853873254,42.09807528163521,148.26076305905255,5.013762990308792
168.75,44.91728998075344,152.64806336748947,42.33110789782201,148.35129371570065,5.015034118189923
169.0,45.149557942483796,152.74053819624643,42.564140514008805,148.44182437234875,5.01630579403123
169.25,45.381825904214146,152.83301302500337,42.7971731301956,148.53235502899685,5.01757801741603
169.5,45.614093865944504,152.92548785376033,43.0302057463824,148.62288568564497,5.018850787927965
169.75,45.846361827674855,153.01796268251726,43.26313231492682,148.71368864349884,5.0199451907864905
170.0,46.07862978940521,153.1104375112742,43.49601354170273,148.80460802655517,5.020963476701715
170.25,46.31343705744709,153.19626027558945,43.72889476847864,148.89552740961153,5.017585278594568
170.5,46.54824432548896,153.2820830399047,43.96177599525455,148.98644679266786,5.0142107247183585
170.75,46.783051593530836,153.36790580421996,44.19465722203046,149.07736617572422,5.010839822435673
171.0,47.01785886157271,153.4537285685352,44.42753844880637,149.16828555878055,5.0074725791210355
171.25,47.25266612961458,153.53955133285046,44.66043124047682,149.25917530656898,5.004128360346922
171.5,47.48747339765646,153.62537409716572,44.893339287164395,149.3500259630783,5.00081327894405
171.75,47.722280665698335,153.71119686148097,45.12624733385197,149.44087661958764,4.997501778727171
172.0,47.95708793374021,153.79701962579622,45.35915538053954,149.531727276097,4.994193866819997
172.25,48.19189520178209,153.88284239011148,45.59206342722712,149.62257793260633,4.990889550357457
172.5,48.42670246982396,153.96866515442673,45.824971473914694,149.71342858911567,4.987588836485554
172.75,48.661509737865835,154.05448791874198,46.05778221238958,149.80452767020657,4.984130730734689
173.0,48.89631700590771,154.1403106830572,46.290432362065566,149.89603672907913,4.980411245412274
173.25,49.13112427394958,154.22613344737246,46.52308251174155,149.9875457879517,4.976696412281469
173.5,49.36593154199146,154.31195621168771,46.75573266141754,150.07905484682425,4.97298624176785
173.75,49.600738810033334,154.39777897600297,46.98838281109352,150.1705639056968,4.969280744315048
174.0,49.83554607807521,154.48360174031822,47.221032960769506,150.26207296456934,4.965579930384711
174.25,50.07035334611709,154.56942450463347,47.45368311044549,150.3535820234419,4.961883810456384
174.5,50.30516061415896,154.65524726894873,47.685940000990726,150.44608418958416,4.957556903267093
174.75,50.539967882200834,154.74107003326398,47.91816723005071,150.53866126062832,4.953188685275374
175.0,50.77477515024271,154.82689279757923,48.1503944591107,150.6312383316725,4.9488271751264055
175.25,51.00958241828458,154.9127155618945,48.38262168817069,150.7238154027167,4.944472390571136
175.5,51.24438968632646,154.99853832620974,48.61484891723068,150.81639247376089,4.940124349395667
175.75,51.479196954368334,155.084361090525,48.84707614629067,150.90896954480505,4.935783069421207
176.0,51.71400422241021,155.17018385484025,49.07946249029419,151.00114567517795,4.931702493231194
176.25,51.94881149045209,155.25600661915547,49.31197548778319,151.09300266184027,4.92782975087339
176.5,52.18361875849396,155.34182938347072,49.54448848527218,151.1848596485026,4.923962426387577
176.75,52.41842602653583,155.42765214778598,49.77700148276118,151.27671663516492,4.920100532549493
177.0,52.65323329457771,155.51347491210123,50.009514480250175,151.36857362182724,4.916244082157068
177.25,52.88804056261958,155.59929767641648,50.24202747773917,151.46043060848956,4.912393088030349
177.5,53.122847830661456,155.68512044073174,50.47454047522816,151.55228759515188,4.9085475630114646
177.75,53.35765509870333,155.770943205047,50.7060778467437,151.64655183241297,4.90320977705092
178.0,53.59246236674521,155.85676596936224,50.936935682090365,151.7424927509986,4.896842461041435
178.25,53.827269634787086,155.9425887336775,51.167793517437026,151.83843366958422,4.890490978304514
178.5,54.062076902828956,156.02841149799275,51.39865135278369,151.93437458816985,4.884155390610153
178.75,54.29688417087083,156.114234262308,51.62950918813035,152.03031550675547,4.8778357598942925
179.0,54.53169143891271,156.20005702662326,51.86036702347701,152.1262564253411,4.8715321482578515
179.25,54.76649870695458,156.2858797909385,52.09122485882367,152.22219734392672,4.865244617965765
179.5,55.001305974996455,156.37170255525373,52.321921844499435,152.3185243147909,4.85873987446547
179.75,55.23611324303833,156.457525319569,52.55260459056319,152.41488546188083,4.852232033495294
180.0,55.47092051108021,156.54334808388424,52.78328733662694,152.51124660897074,4.8457418817371405
180.25,55.69663924701224,156.65082390558032,53.01397008269069,152.60760775606064,4.852248002414802
180.5,55.92235798294428,156.75829972727638,53.24465282875445,152.70396890315058,4.8587759080072175
180.75,56.14807671887631,156.86577554897244,53.475335574818196,152.8003300502405,4.8653255108266835
181.0,56.373795454808345,156.97325137066852,53.70590204406619,152.89696302521241,4.871732949001071
181.25,56.599514190740386,157.08072719236458,53.93491026660406,152.9972388149627,4.87596056186869
181.5,56.82523292667242,157.18820301406063,54.16391848914193,153.097514604713,4.880197352339269
181.75,57.050951662604454,157.2956788357567,54.39292671167979,153.19779039446334,4.8844432965307005
182.0,57.27667039853649,157.40315465745277,54.621934934217656,153.29806618421364,4.888698370592416
182.25,57.50238913446852,157.51063047914883,54.85094315675552,153.39834197396394,4.892962550705478
182.5,57.728107870400564,157.6181063008449,55.079951379293384,153.49861776371426,4.897235813083099
182.75,57.9538266063326,157.72558212254094,55.30895960183125,153.59889355346456,4.901518133970902
183.0,58.17954534226463,157.83305794423703,55.536958460832544,153.70143019774414,4.904448313674721
183.25,58.405264078196666,157.94053376593308,55.764503394562524,153.804983580759,4.906770049872039
183.5,58.6309828141287,158.04800958762914,55.992048328292505,153.90853696377383,4.909094501451681
183.75,58.85670155006074,158.15548540932522,56.21959326202249,154.01209034678868,4.911421664558258
184.0,59.082420285992775,158.26296123102128,56.44713819575247,154.1156437298035,4.913751535339217
184.25,59.30813902192481,158.37043705271734,56.67468312948245,154.21919711281836,4.916084109944803
184.5,59.53385775785684,158.4779128744134,56.90222806321244,154.3227504958332,4.91841938452817
184.75,59.75957649378888,158.58538869610948,57.129149334709375,154.4276441957764,4.919957964177442
185.0,59.98529522972092,158.69286451780553,57.3549153308674,154.53502070614425,4.920016623392919
185.25,60.21101396565295,158.8003403395016,57.580681327025424,154.64239721651208,4.920075284367607
185.5,60.43673270158499,158.90781616119764,57.80644732318345,154.7497737268799,4.920133947101428
185.75,60.66245143751702,159.01529198289373,58.03221331934147,154.85715023724777,4.920192611594317
186.0,60.888170173449055,159.12276780458978,58.2579793154995,154.9645267476156,4.92025127784621
186.25,61.113888909381096,159.23024362628584,58.48374531165752,155.07190325798345,4.920309945857025
186.5,61.33960764531313,159.33771944798193,58.709231134885,155.17984726786278,4.920038785702889
186.75,61.565326381245164,159.44519526967798,58.93175524068079,155.29379033408352,4.916285171925193
187.0,61.7910451171772,159.55267109137404,59.154279346476585,155.40773340030427,4.91253928151106
187.25,62.01676385310923,159.6601469130701,59.37680345227238,155.521676466525,4.90880113214151
187.5,62.24248258904127,159.76762273476618,59.59932755806817,155.63561953274575,4.905070741514898
187.75,62.46820132497331,159.87509855646223,59.82185166386395,155.7495625989665,4.901348127346589
188.0,62.69392006090534,159.9825743781583,60.044375769659744,155.86350566518723,4.897633307368895
188.25,62.919638796837376,160.09005019985437,60.266899875455536,155.97744873140797,4.893926299330791
188.5,63.14535753276941,160.19752602155043,60.48783473743426,156.0944138459768,4.8885536647424255
188.75,63.37107626870145,160.3050018432465,60.707822370981084,156.21318017574438,4.882205022565358
189.0,63.596795004633485,160.41247766494254,60.927810004527906,156.331946505512,4.8758809946380035
189.25,63.82251374056552,160.51995348663863,61.14779763807473,156.4507128352796,4.869581676858531
189.5,64.04823247649756,160.62742930833468,61.36778527162155,156.56947916504723,4.863307165246125
189.75,64.2739512124296,160.73490513003074,61.58777290516837,156.68824549481482,4.857057555937194
190.0,64.49966994836161,160.84238095172682,61.80776053871519,156.80701182458245,4.8508329451809535
190.25,64.68224752728084,161.01315983706104,62.02717243519169,156.92681720630762,4.873152967078398
190.5,64.86482510620004,161.18393872239525,62.2445075057262,157.05037070531012,4.894123913349782
190.75,65.04740268511925,161.3547176077295,62.46184257626071,157.17392420431258,4.915704889288513
191.0,65.22998026403846,161.5254964930637,62.67917764679522,157.29747770331508,4.937887896520379
191.25,65.41255784295767,161.69627537839793,62.89651271732972,157.42103120231758,4.960664858595579
191.5,65.59513542187688,161.86705426373214,63.11384778786423,157.54458470132008,4.984027632415659
191.75,65.77771300079608,162.0378331490664,63.33118285839874,157.66813820032257,5.007968019340375
192.0,65.96029057971529,162.2086120344006,63.54664221694535,157.79488022988983,5.030579177515444
192.25,66.1428681586345,162.37939091973482,63.76022069166938,157.924819581645,5.0517536319546
192.5,66.32544573755371,162.55016980506906,63.97379916639341,158.0547589334002,5.073357911755153
192.75,66.50802331647293,162.72094869040328,64.18737764111745,158.18469828515535,5.095386549581696
193.0,66.69060089539214,162.8917275757375,64.40095611584147,158.31463763691053,5.117834065758151
193.25,66.87317847431135,163.06250646107173,64.6145345905655,158.44457698866572,5.140694973026376
193.5,67.05575605323055,163.23328534640595,64.82811306528953,158.5745163404209,5.163963781132644
193.75,67.23833363214976,163.40406423174016,65.03876252414652,158.7091246396737,5.184647609270656
194.0,67.42091121106897,163.57484311707438,65.24869740209648,158.84487200436314,5.204914942530143
194.25,67.60348878998818,163.74562200240862,65.45863228004644,158.9806193690526,5.225481752348712
194.5,67.78606636890738,163.91640088774284,65.66856715799642,159.11636673374204,5.246344516688044
194.75,67.96864394782659,164.08717977307705,65.87850203594638,159.2521140984315,5.267499719025527
195.0,68.1512215267458,164.2579586584113,66.08843691389636,159.38786146312094,5.288943850201419
